微博id,评论页码,评论id,评论时间,评论者赞数,评论者IP归属地,评论者姓名,评论者id,评论者性别,评论者关注数,评论者粉丝数,评论内容
4909917352494814,1,4910025250706139,2023-06-07 15:58:26,3690,来自浙江,没事别来我家,5973887242,男,126,71,穿凹凸曼上去的都有穿高跟鞋就不尊重了，不愧为键盘侠之名。
4909917352494814,1,4910154966895002,2023-06-08 00:33:53,2458,来自福建,大树心事重重,7814225765,女,297,0,因为他们买不起
4909917352494814,1,4910240748798039,2023-06-08 06:14:44,1042,来自河南,扣个大鼻嘎吃吃,6084112847,女,199,5,众所周知，女人好看有罪
4909917352494814,1,4910400955223725,2023-06-08 16:51:21,399,来自福建,a--大白兔_,2756409151,女,253,175,会显得比旁边的人高？
4909917352494814,1,4910316221629788,2023-06-08 11:14:39,49,来自上海,njwzZZZ,5717762944,男,254,28,关键是这个帽子戴的。。。
4909917352494814,1,4909948477117835,2023-06-07 10:53:22,339,来自上海,醉仙凌空绛,5906345607,女,207,51,那些人闲的
4909917352494814,1,4910135397061065,2023-06-07 23:16:07,119,来自北京,LEE辉煌的蛇精病,3060162301,女,453,192,比起鞋，还不如挑一下不正规戴学士帽，起码这还算个正经杠点
4909917352494814,1,4910247355091069,2023-06-08 06:41:00,79,来自四川,Wishontheway,3073309231,女,83,71,是贵的不尊重吗？
4909917352494814,1,4910139377458132,2023-06-07 23:31:56,66,来自山西,软萌小珍珠,6054981359,女,1099,100,大学生是不能穿高跟鞋了吗
4909917352494814,1,4910083463714905,2023-06-07 19:49:45,43,来自山东,动车饲养员,1788933541,男,406,250,华伦天奴和巴黎世家到底一年产量有多大？
4909917352494814,1,4910843747637580,2023-06-09 22:10:51,4,来自广东,Hayvnn,5668304413,女,166,65,就是不太正式帽子也没戴好
4909917352494814,1,4910651111375762,2023-06-09 09:25:23,53,来自江苏,这个你吃吗,3177512194,女,485,112,鞋又买不起，大学还没考上，怎么能不破防呢
4909917352494814,1,4910251804984509,2023-06-08 06:58:41,21,来自天津,某某_201304,7568233458,女,40,3,突然觉得自己的重要时刻，她就是不穿，光着，因为真心喜欢这样的自己而不是搏眼球就一点问题都没有。
4909917352494814,1,4910825673853766,2023-06-09 20:59:02,7,来自陕西,老猴爱吃肉,5126220112,男,361,109,会显得比旁边的人高？
4909917352494814,1,4910369304479434,2023-06-08 14:45:35,27,来自江苏,围观群众看看WG,5663897566,男,259,37,现在社会什么危机感这么神奇，这种十年前都稀松平常的打扮，到底谁在质疑啊，毛病
4909917352494814,1,4910131651805618,2023-06-07 23:01:13,37,来自日本,chinadolls0618,5149414304,女,207,68,挺好的啊……有啥不行，清朝吗
4909917352494814,2,4910205667902036,2023-06-08 03:55:21,24,来自河南,要成为甜甜的cheese,6057422549,女,117,609,我的外教问我为什么中国大学生不穿高跟鞋，我回答不舒服不爱穿。  我们只是不喜欢穿 不是不能穿，二十多岁了想穿啥穿啥，有些人别管太宽了
4909917352494814,2,4910145430095536,2023-06-07 23:55:59,19,来自安徽,有两三点困a,5910260715,女,23,180,某些人就是有猫饼呗
4909917352494814,2,4910496682346435,2023-06-08 23:11:44,15,来自浙江,ZLLbanana,3313920417,女,346,98,为什么老是对别人的穿着在那里评头论足呢
4909917352494814,2,4910339882224254,2023-06-08 12:48:40,16,来自广东,小辣友OK,6131008738,男,364,23,要不裹个小脚穿北京老布鞋吧
4909917352494814,2,4911124061363235,2023-06-10 16:44:43,2,来自广东,loveslide,2803105764,男,223,199,没觉得怎么样啊  挺好的
4909917352494814,2,4911984212705624,2023-06-13 01:42:38,1,来自四川,丸子呀_Y,5493579359,女,238,22,好苗条哈，你受得了。
4909917352494814,2,4911961349555842,2023-06-13 00:11:48,1,来自中国,老公你看我可爱口马,6664171337,女,98,36,会显得比旁边的人高？
4909917352494814,2,4910267986874269,2023-06-08 08:02:59,1,来自重庆,贫僧不吃虾,5689590031,男,70,54,博主虚空套人都有人闻味而来的
4909917352494814,2,4910487554492222,2023-06-08 22:35:28,9,来自陕西,月光早退,6615318617,女,253,189,不太尊重雄性生物的身高！不知道女的不能比雄的高吗？
4909917352494814,2,4910517157626840,2023-06-09 00:33:05,2,来自四川,是枋苓吖,7435846454,女,305,53,谁吐槽的，站出来
4909917352494814,2,4910480102269696,2023-06-08 22:05:51,4,来自湖南,日常碎碎念ing,3820389637,女,503,11,正装配高跟鞋，又不是拖鞋，
4909917352494814,2,4910360110308388,2023-06-08 14:09:03,4,来自贵州,你深得见底,1799785713,男,147,271,鞋子没问题，帽子有问题
4909917352494814,2,4910089058391014,2023-06-07 20:11:59,15,来自辽宁,石原心里美666,7217941021,女,164,5,又不是拖鞋
4909917352494814,2,4910286878802853,2023-06-08 09:18:03,6,来自辽宁,旎张的真好看,6471250047,女,143,8,会显得比旁边的人高？
4909917352494814,2,4910130308584769,2023-06-07 22:55:54,7,来自江西,超幸运之猪,3819180148,女,191,200,好好看
4909917352494814,2,4910413403393666,2023-06-08 17:40:49,2,来自陕西,-呆呆能有什么坏心眼呢,3608542595,女,98,39,美得不尊重我
4909917352494814,3,4910162911954794,2023-06-08 01:05:27,2,来自云南,万国潇13669729159,2786396931,男,37,102,把快乐摇出来，她漂亮她骄傲了吗
4909917352494814,3,4910099292750769,2023-06-07 20:52:38,9,来自广东,嫣然葳蕤,2930394763,女,708,105,超好看的
4909917352494814,3,4912316426224241,2023-06-13 23:42:44,0,来自广东,小满月yueer,6457482758,女,1626,100,有什么问题 美女爱穿啥穿啥
4909917352494814,3,4911744034804194,2023-06-12 09:48:16,0,来自陕西,Saoirse-YJC,5531228936,女,126,492,这鞋真好看啊
4909917352494814,3,4911499133585999,2023-06-11 17:35:07,0,来自辽宁,AmericaVirus,7744174353,男,170,6,又不是穿正装，凭啥不能穿高跟鞋
4909917352494814,3,4911435501014066,2023-06-11 13:22:16,0,来自贵州,爱吃生菜的小昕昕,6985138038,女,333,9,那应该穿什么鞋？又不是拖鞋
4909917352494814,3,4911253812414124,2023-06-11 01:20:18,0,来自山东,Monologue·A,5216076630,女,137,237,这不是博士，是本科，她穿的是学士服
4909917352494814,3,4911119158480207,2023-06-10 16:25:14,0,来自内蒙古,五色斑斓的柠檬味儿,6120437815,男,15,77,她不穿也行，她死台上都不管你的事
4909917352494814,3,4911099935985314,2023-06-10 15:08:51,0,来自河北,行不更名坐不改姓江湖人士,7063204248,女,276,13,应该穿棉拖
4909917352494814,3,4910824349241485,2023-06-09 20:53:46,0,来自海南,零零杂记,5852673567,女,722,925,非比：这是我第一个纪念日我要穿最美的裙子戴最漂亮的珠宝”
4909917352494814,3,4910674365123720,2023-06-09 10:57:47,0,来自天津,薇言__,1038337575,女,611,318,这还不尊重？够大牌了吧
4909917352494814,3,4910653963503879,2023-06-09 09:36:43,0,来自江苏,比较知名的微博用户,2363985313,男,406,996,美丽大方
4909917352494814,3,4910647881500864,2023-06-09 09:12:33,0,来自陕西,一脸盆芋圆,2708261070,女,273,194,白天在旁边 晚上也在旁边
4909917352494814,3,4910616822941232,2023-06-09 07:09:08,0,来自江苏,WANGXXX1206,7564397723,女,61,2,就是很好看啊
4909917352494814,3,4910417673191811,2023-06-08 17:57:46,0,来自重庆,IItai,6569147890,女,829,51,好漂亮
4909917352494814,3,4910412615912520,2023-06-08 17:37:41,0,来自北京,库卡CuKa,7712165548,男,464,56,很美
4909917352494814,3,4910371812672925,2023-06-08 14:55:33,1,来自北京,可爱迷人罗小拉,6258740960,女,35,0,咸鱼都没键盘侠闲
4909917352494814,3,4910329018192977,2023-06-08 12:05:30,0,来自江苏,唯利是图的老鬼,5369169535,男,1668,832,真好看
4909917352494814,3,4910308328215783,2023-06-08 10:43:17,0,来自浙江,埃雅兰迪尔,6585402764,男,37,6,这也没人吐槽啊看评论区
4909917352494814,3,4910305890533631,2023-06-08 10:33:35,5,来自湖北,虎牙不是狗牙,7234232249,女,89,7,嫉妒使人面目全非
4909917352494814,4,4910270261234014,2023-06-08 08:12:01,0,来自湖南,Gingy11,6534089003,女,56,300,闲的
4909917352494814,4,4910263986553705,2023-06-08 07:47:05,2,来自吉林,Albert0208,6267964182,男,472,229,论迹不论心：穿这种鞋咋了挺好看的。                 论心不论迹：说不尊重的那群人….借几部说话。
4909917352494814,4,4910134340621458,2023-06-07 23:11:55,1,来自辽宁,杨雒安,6785095801,女,274,15,这鞋咋啦，这鞋很好看啊
4909917352494814,4,4910497654118837,2023-06-08 23:15:36,4,来自广东,可爱开7,5637899879,男,97,72,指手画脚的人真多
4909917352494814,4,4910372924427601,2023-06-08 14:59:58,4,来自江苏,我要换昵称啊啊啊啊x8,6614565208,女,119,4,怎么，是踩到某些人的敏感肌了吗
4909917352494814,4,4910056669713901,2023-06-07 18:03:17,4,来自上海,我要吃peach,6083913026,男,153,23,华伦天奴
4909917352494814,4,4911344560900257,2023-06-11 07:20:54,2,来自上海,张济安,1889525964,男,177,186,其实吧，这个是本科毕业典礼
4909917352494814,4,4911202234799666,2023-06-10 21:55:21,1,来自广东,豆豆冷豆豆,2145826731,男,477,288,男老师不如女学生高也能指责女学生穿高跟鞋也就男的想的出来
4909917352494814,4,4911085256180187,2023-06-10 14:10:30,1,来自四川,嘟嘟堵嘴,1400582961,女,49,54,华伦天奴的太贵
4909917352494814,4,4910753456852380,2023-06-09 16:12:04,1,来自山东,徐半仙儿-Z,2541924911,女,372,88,这么好看的腿，不穿这鞋穿啥鞋？
4909917352494814,4,4910737430937913,2023-06-09 15:08:22,1,来自广东,跃迁9667,6267700895,男,105,61,想起那个穿雷神锤盔甲上去的老哥，我艹，帅爆了！
4909917352494814,4,4910494354506378,2023-06-08 23:02:28,1,来自湖北,雪碧猫猫肥,5498550439,女,202,103,她的腿很漂亮啊
4909917352494814,4,4910439688832925,2023-06-08 19:25:16,1,来自上海,Simply17721,7588298292,男,54,2,自己喜欢就好
4909917352494814,4,4910404519592440,2023-06-08 17:05:30,1,来自陕西,annnn呢,6495602812,女,751,35,管的太宽
4909917352494814,4,4910398928853528,2023-06-08 16:43:18,1,来自江西,暖番茄你个马铃薯,3469519200,女,43,121,这鞋其他问题没有，就是一般人买不起
4909917352494814,4,4910391141075364,2023-06-08 16:12:21,1,来自安徽,今天解放台湾了没,6253091833,女,47,58,所以哪有吐槽的？随便一个视频你就拿来搞对立了？
4909917352494814,4,4910379219815769,2023-06-08 15:24:59,2,来自美国,小痞要礼貌,5566321125,女,13,3,有学历 漂亮 礼貌（拍完鞠躬）有衣品 所以作为普通人被酸到了 很正常
4909917352494814,4,4910376891712996,2023-06-08 15:15:44,1,来自云南,龍----------兒,7829671851,男,31,11,传说中的攻速鞋，加攻速的？
4909917352494814,4,4910298144705427,2023-06-08 10:02:49,2,来自北京,我沉迷男色怎么了,7550117418,女,231,9,一双鞋，又上升到什么高度了。
4909917352494814,4,4910296407481288,2023-06-08 09:55:55,2,来自广东,amtoxin,2338224967,女,1856,256,高跟鞋就是最起码的尊重了
4909917352494814,5,4913023698867112,2023-06-15 22:33:12,0,来自山东,麻将桌客官,7568551732,女,196,2,很美，自己快乐就够了
4909917352494814,5,4912898533491399,2023-06-15 14:15:50,0,来自吉林,-小星星烁-,7068995468,女,58,3,不比某洞洞鞋好？
4909917352494814,5,4912869008737093,2023-06-15 12:18:30,0,来自四川,逆天飞升POPO熊,6835539752,男,482,0,场合确实不适合
4909917352494814,5,4912853712377178,2023-06-15 11:17:44,0,来自新疆,划过头顶的飞鸟,6541915393,男,37,1,没上过大学吗？稍微穿的红一点也好骗人啊，谁家安博士穿大黑毕业的
4909917352494814,5,4912822657745137,2023-06-15 09:14:19,0,来自北京,落尽米中,5490246322,男,38,3,攻速鞋
4909917352494814,5,4912562648388321,2023-06-14 16:01:09,0,来自江西,布丁丫的妙妙屋,5165734248,女,295,185,不是，这不我们系的美女吗？到底在酸什么
4909917352494814,5,4912551216022840,2023-06-14 15:15:43,0,来自上海,名字如果起得太长就不太好了,1015209314,男,276,55,也没啥问题吧，我室友当时穿的还是拖鞋
4909917352494814,5,4912224299390460,2023-06-13 17:36:40,0,来自山西,哇哦吖gtt,6132946335,女,55,14,他们就是吃太饱了，啥都想管。
4909917352494814,5,4912211916752397,2023-06-13 16:47:28,0,来自广东,時光飛逝199007,7051456941,男,533,15,感觉我要恋爱了
4909917352494814,5,4912126937013062,2023-06-13 11:09:47,0,来自河北,一念屠一魂渡,7498597350,男,27,4,没上过大学的人确实会发出这样的评论
4909917352494814,5,4912124290140769,2023-06-13 10:59:16,0,来自山西,豆豆飞更高,3280506294,女,1068,193,有什么问题呢？又破什么防
4909917352494814,5,4912094124182229,2023-06-13 08:59:24,0,来自山东,无无记住,6016035796,男,13,26,纯黑是学士服，旁边那个是导师服吧
4909917352494814,5,4911928097639915,2023-06-12 21:59:40,0,来自内蒙古,希岳_,5059356621,女,99,50,吐槽的应该都是买不起又看得别人穿
4909917352494814,5,4911921280851677,2023-06-12 21:32:35,0,来自四川,Jingle爱,6437628905,女,609,102,呃，玛德，这个世界对女人到底是有多大的敌意啊，穿衣服会被说，穿鞋会被说，做个动作会被说，染个头发会被说，最重要的是，大多数说的人都是些女人
4909917352494814,5,4911912053116239,2023-06-12 20:55:55,0,来自北京,-o-o-o-冰糖葫芦,5164262679,男,533,260,谁吐槽了
4909917352494814,5,4911879287998728,2023-06-12 18:45:43,0,来自甘肃,天南星月,5557134163,女,302,117,很好看啊
4909917352494814,5,4911869724725199,2023-06-12 18:07:43,0,来自福建,丶CJS丶,6041780108,男,46,14,学校没意见，人家也没意见。键盘侠：不行就是不行
4909917352494814,5,4911855820870298,2023-06-12 17:12:28,0,来自北京,富川啵啵糖-,7316172738,女,138,28,我踩高跷上去都跟你没关系吧
4909917352494814,5,4911839144841815,2023-06-12 16:06:12,1,来自江西,柠檬凤爪好好吃,5874034264,女,199,35,没问题啊，很美这是我们学院的毕业典礼，很多女生都这么穿而且大家想在这个重要的时刻打扮得美美的，给以后留下美好的回忆，有什么问题吗
4909917352494814,5,4911812401169166,2023-06-12 14:19:55,0,来自湖北,是萌犬丫,1054233905,男,34,142,操心太多会死的朋友
4909917352494814,6,4911778372256404,2023-06-12 12:04:42,0,来自浙江,苏苏余味,6562914458,男,283,1万,很好看啊，没有什么不合适的
4909917352494814,6,4911762266132450,2023-06-12 11:00:43,0,来自湖南,妄想家阮小柒,7562481000,男,364,1,有什么不尊重？哪里不尊重？？？
4909917352494814,6,4911744932384393,2023-06-12 09:51:50,0,来自江苏,发生甚么事了f,7546657397,男,60,1,就像一个男生下面穿着大裤衩子一样，感觉不太合适。
4909917352494814,6,4911731236934579,2023-06-12 08:57:25,0,来自上海,北洋小学生,1780248337,男,225,479,爱穿什么穿什么，当然，到了穿红袍的那天还是要严肃点。
4909917352494814,6,4911717165041394,2023-06-12 08:01:30,0,来自北京,纯粹养生答仁,5567001359,男,170,165,鞋子好看啊
4909917352494814,6,4911582368241955,2023-06-11 23:05:52,0,来自贵州,MetU咩,5970758879,女,360,93,很好看！没问题！
4909917352494814,6,4911581219523645,2023-06-11 23:01:18,0,来自四川,范德林德彪,7795840172,男,77,2,第一，漂亮 第二，价格不便宜 第三，身材好 第四，没任何问题，人家愿意怎么打扮就怎么打扮 总结：男屌丝娶不到这种，比她外貌差的女的嫉妒
4909917352494814,6,4911577998038945,2023-06-11 22:48:30,0,来自山东,藩篱中成长,3016659477,男,4152,144,不错
4909917352494814,6,4911570867983532,2023-06-11 22:20:10,0,来自湖南,没有昵称的1号用户,5522875852,女,1495,257,非常美的鞋子，没什么问题
4909917352494814,6,4911539424067757,2023-06-11 20:15:12,0,来自云南,虎斑半糖去冰,5799097281,女,162,151,腿好好看哦
4909917352494814,6,4911502668859709,2023-06-11 17:49:10,0,来自福建,MollyBryant,3298112702,女,318,253,我只能说，啥样的人，看东西就只能是啥样
4909917352494814,6,4911485656502710,2023-06-11 16:41:34,0,来自江苏,标准式普洱,6468989693,男,155,3,长这么美还穿这么好看，确实太不尊重人了
4909917352494814,6,4911444975685128,2023-06-11 13:59:55,0,来自浙江,俊男不俊也不男,5847954118,女,59,23,emmm，鞋子看学校要求，像我们学校要求我们不能穿高跟鞋
4909917352494814,6,4911440702210913,2023-06-11 13:42:55,0,来自湖北,Cilmyor,5403637721,女,27,59,因为那些人急了急了急了
4909917352494814,6,4911435824238980,2023-06-11 13:23:33,0,来自天津,木子建o1,5641140295,男,642,165,这鞋子配学位服，确实不搭。
4909917352494814,6,4911411991941583,2023-06-11 11:48:51,0,来自江苏,小可爱会胜利,6911549152,女,285,5,腿好细
4909917352494814,6,4911392153145983,2023-06-11 10:30:01,0,来自浙江,是多多酱呀,5720785970,女,887,128,我还以为穿情趣内衣了裹黑袍出门才可以是吧
4909917352494814,6,4911389740893312,2023-06-11 10:20:26,0,来自上海,每天都进步的小吴,7795367159,男,251,0,我敢肯定，绝对是女生说的。
4909917352494814,6,4911367616729927,2023-06-11 08:52:31,0,来自江苏,Vvvvvvv鸭,7671073708,女,26,18,这鞋子除了我买不起没啥缺点🤓
4909917352494814,6,4911356723069999,2023-06-11 08:09:14,0,来自山东,李旎夏,6334784052,女,33,6,反正喜欢说别人的人，怎么看别人都不顺眼，
4909917352494814,7,4911337018491329,2023-06-11 06:50:56,0,来自广西,Power云枫,1891988507,男,269,149,难道这衣服不是最大的问题吗？
4909917352494814,7,4911260241758749,2023-06-11 01:45:51,0,来自山东,卤_汁,2070795151,女,553,151,啊？我毕业的时候都为了照的时候高一点都穿高跟鞋啊？这有什么的？你爱穿什么穿什么啊，这是毕业典礼自己不留遗憾就好了啊
4909917352494814,7,4911247310980265,2023-06-11 00:54:28,0,来自山东,汉宏202209,7792471900,男,41,1,中国人毕业穿传教士衣服尊重中国吗？
4909917352494814,7,4911226783799118,2023-06-10 23:32:54,0,来自天津,嘟嘟还是那个嘟嘟201310,7790995340,女,119,1,好看是原罪。
4909917352494814,7,4911206894411533,2023-06-10 22:13:52,0,来自福建,刘芳en,6039730070,女,57,69,少审判别人多审判一下自己
4909917352494814,7,4911192852929349,2023-06-10 21:18:04,0,,晴沐禾乔,7286720967,女,175,7,很会展示自己的优势，很爱美的女孩子
4909917352494814,7,4911176776162313,2023-06-10 20:14:11,0,来自江苏,一闪一闪好开心油,7530330035,女,138,10,这不是博士毕业典礼，她穿的是本科学士服
4909917352494814,7,4911156877066243,2023-06-10 18:55:06,0,来自福建,晚霞与晚风最怡人,2552452797,女,585,70,没什么问题，漂亮大方
4909917352494814,7,4911139487488474,2023-06-10 17:46:01,0,来自湖北,男神那么多,6153563599,女,680,77,她甚至可以跑起来诶
4909917352494814,7,4911118688979525,2023-06-10 16:23:22,0,来自广东,宇航員KENJUN,1884047630,男,231,933,满脸问号？？这样穿有啥问题啊？这么多人说什么穿正式服装学士帽戴不好？你们都约定参加过大学毕业典礼吗？不会都以为毕业典礼都穿衬衫打领带皮鞋走起吧
4909917352494814,7,4911094751036627,2023-06-10 14:48:15,0,来自福建,逍遥小草莓,6025925537,女,500,71,这鞋，我淘宝人生也有一双
4909917352494814,7,4911089555081832,2023-06-10 14:27:36,0,来自河南,人似飞鸿应有信,3041491770,男,1420,333,穿的好
4909917352494814,7,4911088300464949,2023-06-10 14:22:37,0,来自广东,哈耶克2023,6501248219,男,683,65,爽死
4909917352494814,7,4911087847213310,2023-06-10 14:20:49,0,来自浙江,帕金森患鱼,5253218569,女,18,68,谁在吐槽！
4909917352494814,7,4911065404017164,2023-06-10 12:51:38,0,来自黑龙江,糖炒_小星球,6386672144,女,287,99,这是学士不是博士
4909917352494814,7,4911063685138869,2023-06-10 12:44:48,0,来自福建,Eve雨轩,1614971762,男,356,344,网友千千万，啥人都有，不要在意，只要不穿拖鞋不赤脚，爱咋穿就咋穿
4909917352494814,7,4911044697001399,2023-06-10 11:29:21,0,来自黑龙江,我想要不同,2754711431,女,2183,1208,感觉这帽子都快掉了
4909917352494814,7,4911033455739441,2023-06-10 10:44:40,0,来自四川,HiHi快乐修勾,6582210672,男,328,1,什么都管只会害了你
4909917352494814,7,4911029124073149,2023-06-10 10:27:28,0,来自河北,榴莲味的汤圆-,5356512264,女,341,80,以前管头发现在管鞋  实在没事干捯饬捯饬自己吧
4909917352494814,7,4911011855076208,2023-06-10 09:18:51,0,来自天津,Onedotdot,1815887103,男,18,409,一堆事儿妈！
4909917352494814,8,4911010677266293,2023-06-10 09:14:10,0,来自河北,少给我玩幽默,3874273126,男,190,28,不是说女的正式场合不穿高跟鞋不化妆是不尊重吗  怎么穿高跟鞋也不尊重了
4909917352494814,8,4910999658039784,2023-06-10 08:30:23,0,来自福建,垕乾,6319590410,男,277,23,毕业典礼你还要尊重，尊重谁？
4909917352494814,8,4910995686033896,2023-06-10 08:14:36,0,来自天津,狂鸟90327小涛,3700626491,男,61,40,还见过里面没穿的呢
4909917352494814,8,4910987067261356,2023-06-10 07:40:20,0,来自四川,丹_00,1793402111,女,175,391,有些人闲的
4909917352494814,8,4910961742578465,2023-06-10 05:59:43,0,来自安徽,想名字好难的,2880284783,女,385,234,鞋蛮漂亮的
4909917352494814,8,4910906167788927,2023-06-10 02:18:53,0,来自黑龙江,Milyy_OwO,6347862614,女,217,13,好漂亮
4909917352494814,8,4910867918882675,2023-06-09 23:46:54,0,来自江苏,亲亲大人的小公举,7120768932,女,37,9,柠檬精
4909917352494814,8,4910843357304800,2023-06-09 22:09:18,0,来自上海,Cmr陳叔叔,3224376513,男,225,1252,被谁吐槽的@ 出来！
4909917352494814,8,4910834675620884,2023-06-09 21:34:48,0,来自吉林,佳镁的天空,3851400140,女,451,121,是因为羡慕嫉妒恨吗？明明很好看哪里有不尊重了！
4909917352494814,8,4910817357597156,2023-06-09 20:25:59,0,来自江苏,熊宝宝爱吃鱼啊,5860017544,男,417,45,这么说吧，鞋子不配衣服，还有人杠吗？
4909917352494814,8,4910812311064253,2023-06-09 20:05:56,0,来自四川,Wendy2518,6004489654,女,252,175,家住太平洋
4909917352494814,8,4910785606195157,2023-06-09 18:19:49,0,来自浙江,是姜乙未啊,5774611447,女,1249,117,人家能毕业你能吗
4909917352494814,8,4910779499288735,2023-06-09 17:55:33,0,来自四川,拥抱太阳的小月亮的天涯,5864242697,男,334,8,穿美美的鞋没毛病
4909917352494814,8,4910773460273106,2023-06-09 17:31:33,0,来自广东,陌上繁花1980,7434310274,男,76,0,没问题，你想太多了。
4909917352494814,8,4910764147869518,2023-06-09 16:54:33,0,来自江苏,juan94我,7623470799,女,133,0,鞋子没有不好，这套衣服却是不好！
4909917352494814,8,4910763380048724,2023-06-09 16:51:30,0,来自山东,兔子子子rabbit,3879934321,女,369,226,她是硕士，至少穿的不是博士服而是硕士服
4909917352494814,8,4910761903655792,2023-06-09 16:45:38,0,来自广西,野生生酪拿铁,7271821721,女,258,7,这腿好好看
4909917352494814,8,4910746913475479,2023-06-09 15:46:04,0,来自河南,with宰范,5992730834,女,146,68,没问题
4909917352494814,8,4910723370582518,2023-06-09 14:12:30,0,来自云南,听筠箫,1556234593,女,710,309,不懂就问，这不是鞋子吗
4909917352494814,8,4910709492418639,2023-06-09 13:17:22,0,来自山东,撕家恶喵布布喵,6525602151,男,68,1,闲死了，我当年还穿的凉鞋呢，操这么多心当世界警察吧
4909917352494814,9,4910707461589242,2023-06-09 13:09:18,0,来自四川,雨潇寒潇雨,2867075412,女,804,264,用自己觉得最美的鞋参加重视的活动有什么错
4909917352494814,9,4910702856767227,2023-06-09 12:51:00,0,来自广东,沐儒星,5861892478,男,16,19,博士有这么年轻的吗？
4909917352494814,9,4910702642856023,2023-06-09 12:50:08,0,来自山东,只要你超lucky超多money,6987222135,女,287,4,太好看了我说
4909917352494814,9,4910695784907184,2023-06-09 12:22:53,0,来自北京,这WiFi来自胶州啊,7280333293,女,234,6,穿啥都有人说，管他呢
4909917352494814,9,4910694477072086,2023-06-09 12:17:41,0,来自西藏,jennienieeeeeee,3802818736,男,91,4,管的太多了吧
4909917352494814,9,4910693835344458,2023-06-09 12:15:09,0,来自江苏,小猪佩奇身上纹www,5189234298,女,577,147,把鞋脱下来把你头砸个窟窿才叫不尊重你
4909917352494814,9,4910686633202976,2023-06-09 11:46:32,0,来自广西,灵儿TuT,7563768868,女,153,1,好好看
4909917352494814,9,4910675912557556,2023-06-09 11:03:56,0,来自陕西,不开心的小蘑菇123,5628745257,男,70,5,难以置信为什么现在这种奇葩言论有这么多，仿佛人都退化到猿人类了
4909917352494814,9,4910658796126980,2023-06-09 09:55:54,0,来自陕西,莫名其妙的无厘头,2243982592,女,288,274,管的也太多了吧
4909917352494814,9,4910658468974260,2023-06-09 09:54:37,0,来自广东,蒙古上单6666,1794435497,男,203,39,毕业了，怎么好看怎么来呗
4909917352494814,9,4910655867980578,2023-06-09 09:44:17,0,来自山西,兜纳特越来越好,1896805393,女,1591,980,我觉得没啥问题
4909917352494814,9,4910653145874600,2023-06-09 09:33:27,0,来自山东,扶风倚柳,6359319755,男,194,397,现在还处在大清时代？
4909917352494814,9,4910632795637817,2023-06-09 08:12:36,0,来自河南,佳期如梦368,6693513318,女,387,1,这个鞋是名媛风  是有一丢丢场合不合适
4909917352494814,9,4910631213600983,2023-06-09 08:06:19,0,来自北京,叫我许大仙儿,1362335892,女,103,335,可能是这个鞋看起来比较情趣
4909917352494814,9,4910623090019807,2023-06-09 07:34:02,0,来自河南,乐乐乐_知时,5850470721,女,88,5,高跟鞋咋了，毕业了还不能穿自己喜欢的了？
4909917352494814,9,4910616953488134,2023-06-09 07:09:39,0,来自广东,谌先生呀,6660731008,女,294,2,好看
4909917352494814,9,4910560019743265,2023-06-09 03:23:25,0,来自上海,铁岭许三多,6719493873,男,8,26,这种场合台下的人都玩手机呢，谁在乎她换了啥
4909917352494814,9,4910555695939701,2023-06-09 03:06:14,0,来自广东,纯纯的路人_,6844045464,男,70,11,我觉得穿光环战斗服的那个才是最帅的
4909917352494814,9,4910535633799136,2023-06-09 01:46:31,0,来自福建,kazy2023,7586261538,女,39,4,虽然我知道帽子这种戴法特别流行，但是我真的觉得这样戴很丑感觉像头后面有一个背景板
4909917352494814,9,4910532039542105,2023-06-09 01:32:14,0,来自湖南,人间小糊涂sqy,7781642448,女,122,0,这鞋子怎么了，怎么还管别人穿什么啊，别人想怎么穿就怎么穿
4909917352494814,10,4910510162054947,2023-06-09 00:05:18,0,来自安徽,断桥烟雨-201006,7341841859,女,77,0,首先因为他们没上过大学不知道大学包容性有多强，其次他们买不起
4909917352494814,10,4910497478479539,2023-06-08 23:14:54,0,来自山东,柠檬果果吖ii,7730422716,女,123,14,美女的事少管
4909917352494814,10,4910482521857452,2023-06-08 22:15:28,0,来自上海,狮子座徐瓅,1104143185,女,353,43,挺好看的，但不适合矮个子粗腿
4909917352494814,10,4910475819094333,2023-06-08 21:48:50,0,来自江苏,亚比该min,3221745472,女,196,269,说鞋子有问题的，怎的，又想搞事情吗？
4909917352494814,10,4910461088438648,2023-06-08 20:50:18,0,来自北京,小月半,1650023895,女,110,174,7500的鞋，还不够尊重吗
4909917352494814,10,4910454100990871,2023-06-08 20:22:32,0,来自湖北,Yolanda_63923,5462393453,女,126,11,很漂亮 没啥不妥
4909917352494814,10,4910448056996323,2023-06-08 19:58:31,0,来自上海,TTTTTlone,5735029538,男,176,1090,吐槽的那个人不会就是你吧
4909917352494814,10,4910436875505385,2023-06-08 19:14:05,0,来自山西,黑人孤独的吉他,1291447934,男,69,1,华伦天奴的鞋，很贵。买不起鞋又没有学历，就酸了呗
4909917352494814,10,4910435889579324,2023-06-08 19:10:09,0,来自山西,不圈不圈,7001901592,女,594,26,问题就是，这华伦天奴太贵了他们买不起
4909917352494814,10,4910435235795914,2023-06-08 19:07:34,0,来自江西,死亡终局,3847723972,女,48,30,这还不尊重，这很重视好不啦
4909917352494814,10,4910430324002833,2023-06-08 18:48:03,0,来自北京,YANNNNNN_N,5297156402,男,238,62,vltn，这算是相当尊重了
4909917352494814,10,4910430013624122,2023-06-08 18:46:49,0,来自广东,柯基麻麻式微鱼,1881168194,女,650,411,没有任何问题，我看到小姐姐里面的裙子了，是白色的短裙小礼服，鞋子是为了搭裙子的
4909917352494814,10,4910424606644015,2023-06-08 18:25:20,0,来自云南,不觉又不明,3118129074,男,439,114,与其说鞋子不如说帽子
4909917352494814,10,4910422476462464,2023-06-08 18:16:52,1,来自北京,疯跑滴蜗牛,2088780873,女,345,140,键盘侠们觉得整个地球对他们都是不尊重的
4909917352494814,10,4910420274449060,2023-06-08 18:08:07,0,来自广东,筝zheng啦,6322176073,女,32,12,想怎么穿就怎么穿啊，某些人管的也太宽了吧
4909917352494814,10,4910416830139884,2023-06-08 17:54:26,0,来自江苏,我要睡偶像,2083539331,女,229,5,就毕业一天，帽子就不能好好带？这样觉得很可爱么？
4909917352494814,10,4910416243459970,2023-06-08 17:52:06,0,来自江苏,晗晗是小可爱啊,7139242356,女,105,11,鞋不就是给人穿的，小姐姐大方得体很好看呢
4909917352494814,10,4910410228570083,2023-06-08 17:28:12,0,来自广东,H_纪子,5474307355,女,25,57,键盘侠到底是群什么人？正常的着装，总能在尖锐特别的角度发现问题
4909917352494814,10,4910409352218174,2023-06-08 17:24:42,0,来自江苏,文仔一号粉丝,3848664244,女,33,16,这是在古代吗？，我一个40多岁的大姐都能接受
4909917352494814,10,4910406835901960,2023-06-08 17:14:43,0,来自甘肃,不是妖怪怎么会懂,5284865987,女,209,212,这是我一直很喜欢的鞋子。咋了啊
4909917352494814,11,4910406750969515,2023-06-08 17:14:23,0,来自广西,binbongCC,6290259875,女,260,91,有点报看
4909917352494814,11,4910403793981316,2023-06-08 17:02:38,0,来自北京,原来是七仔啊cat,3857405764,男,232,27,被谁吐槽了？有截图吗？
4909917352494814,11,4910402577894078,2023-06-08 16:57:48,0,来自湖南,米米18553,7134908571,男,336,5,没问题
4909917352494814,11,4910393472061170,2023-06-08 16:21:37,0,来自江苏,和平奇人,6182782729,男,113,0,所以到底谁吐槽了 ?
4909917352494814,11,4910391841263214,2023-06-08 16:15:08,0,来自上海,Physical_Review_A,7398373367,男,49,1,应该穿人字拖
4909917352494814,11,4910388083170242,2023-06-08 16:00:12,0,来自上海,雲淡風輕_iris,2184086583,女,690,210,很好看啊。
4909917352494814,11,4910386895914774,2023-06-08 15:55:29,0,来自浙江,luckylulu3,1357856825,女,313,350,不过这个鞋不是很多年前流行的吗
4909917352494814,11,4910383007531120,2023-06-08 15:40:01,0,来自广东,狂飙头号粉丝,1760820080,男,734,897,靠，重要场合难道不应该穿的漂漂亮亮的吗
4909917352494814,11,4910382965850661,2023-06-08 15:39:51,0,来自江苏,锅贴要醋吗,3209973624,男,258,437,老子想穿啥穿啥，又不是光脚，又不是一个脚写着FU一个脚写着CK，事儿那么多呢
4909917352494814,11,4910381166233434,2023-06-08 15:32:43,0,来自山西,落日眠眠,1443692994,女,1008,207,这种场合女孩子会穿她最喜欢的鞋子之一，这还叫不尊重？
4909917352494814,11,4910380537873261,2023-06-08 15:30:12,0,来自黑龙江,瓦坎达星人,7306410936,男,14,2,被吐槽不尊重的帖子评论在哪里呢
4909917352494814,11,4910372220569868,2023-06-08 14:57:10,0,来自甘肃,李门门不是门,7314926901,女,241,18,就很美啊
4909917352494814,11,4910369346423619,2023-06-08 14:45:45,0,来自四川,无处迁徙-x,5715562060,女,86,62,可能因为太漂亮了，让其他人自惭形秽
4909917352494814,11,4910362031293137,2023-06-08 14:16:40,0,来自广东,神奇花椒在哪里,7743714841,男,57,1,谁吐槽你问谁啊。。。
4909917352494814,11,4910361578575546,2023-06-08 14:14:53,0,来自广东,未成年人法,6399453896,男,20,20,腿有点O
4909917352494814,11,4910358847818095,2023-06-08 14:04:02,0,来自广西,有你的地方就是光,6446810522,男,77,1,你这帽子...是502粘上去的吗？
4909917352494814,11,4910358487896616,2023-06-08 14:02:36,0,来自陕西,Crazy_Anasasiyevna,6670702681,女,876,127,她好美啊啊啊啊
4909917352494814,11,4910345820574608,2023-06-08 13:12:16,0,来自山东,喜欢阳光的妖姬,2016588457,女,55,130,
4909917352494814,11,4910341018617855,2023-06-08 12:53:11,0,来自江苏,丹尼斯1593,6498173912,男,44,5,low到爆 根本不搭
4909917352494814,11,4910340615967359,2023-06-08 12:51:35,0,来自四川,旺仔牛奶粥2,5724465652,女,72,20,当然不尊重，怎么没踩它们头上
4909917352494814,12,4910334835692642,2023-06-08 12:28:37,1,来自北京,我叫干脆面君,5631990741,男,579,227,又造谣，被指责的那个文字在哪？你说有人指责就有人指责吗？天天编故事
4909917352494814,12,4910334248229758,2023-06-08 12:26:17,0,来自江苏,美国国父日本爷爷,6162269239,男,51,2,那也得看什么高跟鞋，这种高跟鞋不是这种学位授予仪式穿的
4909917352494814,12,4910323344085658,2023-06-08 11:42:57,0,来自上海,人家是你的小泷包呦,6298752766,女,419,3,没有任何问题，你是老古董吗？
4909917352494814,12,4910316297128299,2023-06-08 11:14:57,0,来自黑龙江,螺丝钉子儿,7608976197,女,280,3,姐姐喜欢穿什么就穿，就是今天这个鞋不穿了，光脚上台，都是人选择，跟你有啥关系
4909917352494814,12,4910313349319944,2023-06-08 11:03:14,1,来自北京,不爱喝咖啡爱喝茶,7318087398,男,228,897,被谁吐槽了
4909917352494814,12,4910309514942030,2023-06-08 10:48:00,0,来自广东,XXliylay,3468577370,女,81,204,哪里不顺眼就说哪里?
4909917352494814,12,4910301873439144,2023-06-08 10:17:37,0,来自北京,柚子味的猫薄荷荷荷,5736976152,女,71,87,没点开还以为穿拖鞋呢…这不挺正式的……
4909917352494814,12,4910300929198760,2023-06-08 10:13:53,0,来自美国,放个Pi给你听,7786130211,男,65,2,主要是鞋子好看，她们还卖不起
4909917352494814,12,4910292969194611,2023-06-08 09:42:15,0,来自四川,心動電波接收器,7648763072,男,33,13,呃，我觉得有些人是不是真的太闲了？太闲的话就去为国家建设做奉献吧
4909917352494814,12,4910286924155103,2023-06-08 09:18:14,0,来自山东,王小赖ghost,3180054682,女,293,239,这个鞋子好漂亮！
4909917352494814,12,4910281640382888,2023-06-08 08:57:14,0,来自北京,RuudSaul,1070550845,男,305,380,女礼服比这双鞋过分的多了去了
4909917352494814,12,4910280364000549,2023-06-08 08:52:10,0,来自日本,张big头,1826442795,男,876,729,闲的蛋疼
4909917352494814,12,4910276564223600,2023-06-08 08:37:04,1,来自江苏,随风飘飞Happy,2810443180,男,105,1,最美的 就是尊重的
4909917352494814,12,4910268125807935,2023-06-08 08:03:32,0,来自北京,丷皮皮肉丷,5261688227,男,274,31,这个鞋真的很丑，个人觉得
4909917352494814,12,4910266196165535,2023-06-08 07:55:51,0,来自四川,桃夭31,3934517513,女,388,64,那该穿什么鞋？
4909917352494814,12,4910261510604301,2023-06-08 07:37:15,0,来自四川,山上的蜗牛跑得快,7756139267,女,63,0,比老师高吗
4909917352494814,12,4910256284763575,2023-06-08 07:16:29,0,来自江苏,子洋827,7311239697,女,160,1万,小姐姐腿和鞋都好看
4909917352494814,12,4910175453184271,2023-06-08 01:55:17,0,来自北京,社恐老狗zz,7246436668,男,29,60,我还蛮想问的，穿啥合适？
4909917352494814,12,4910150181195530,2023-06-08 00:14:52,0,来自福建,茶鲤一只软,5306869095,女,433,79,自己穿着自己喜欢的鞋子 有什么问题吗？
4909917352494814,12,4910146986446486,2023-06-08 00:02:10,0,来自安徽,宛丘辛夷,6215840434,女,81,364,问题在那些人没有
4909917352494814,13,4910121571850684,2023-06-07 22:21:11,1,来自黑龙江,奥利黑黑黑66666,6159918935,男,59,8,老师都没说啥。网友说个鬼👻
4909917352494814,13,4910119694108594,2023-06-07 22:13:43,0,来自上海,伊利伊利我是伊利,2740764993,女,1234,200,这是博士服吗
4909917352494814,13,4910103226225748,2023-06-07 21:08:17,0,来自北京,蔚蓝晴空5114,7726370527,女,83,1,这是学士服
4909917352494814,13,4910078291085051,2023-06-07 19:29:12,0,来自湖北,倩谦游子,7185593317,男,793,26,不就你在说嘛！没看到其他人说
4909917352494814,13,4910074998295588,2023-06-07 19:16:07,0,来自广东,凹凹凹凹凸曼曼曼,2096587081,男,230,111,这种博主都沦落到这种田地了？
4909917352494814,13,4910099946540699,2023-06-07 20:55:15,2,来自山东,-诠释love,1735558813,男,26,436,漂亮
4909917352494814,13,4910482525264935,2023-06-08 22:15:29,0,来自广西,vigor_3,5660524937,男,2,47,吃不到葡萄说葡萄酸
4909917352494814,13,4910159552317385,2023-06-08 00:52:06,0,来自重庆,DONG·H2019,7022234394,男,34,93,谁吐槽的你一起发出来，不要虚空打靶没事就是网友说
4909917352494814,13,4910155189718804,2023-06-08 00:34:46,0,来自湖北,Fiora_Q,2111023861,女,59,51,学士帽都不能好好戴
4909917352494814,13,4912974781225007,2023-06-15 19:18:49,0,来自河南,极下有禹-伽小,7836245418,女,16,0,小姐姐好稳，穿着高跟鞋跑！
4909917352494814,13,4912693993540519,2023-06-15 00:43:04,0,来自云南,REBORN4887541,7387969250,男,35,11,好看
4909917352494814,13,4911970116175158,2023-06-13 00:46:38,0,来自安徽,如月群真达咩,7834500095,女,12,0,我看了好几个骂的都是女的，为什么要这样啊搞不懂
4909917352494814,13,4911893846428970,2023-06-12 19:43:34,0,来自上海,Sarah6408073489,6408073489,女,87,4,鞋没有问题 键盘侠酸了
4909917352494814,13,4911776702924206,2023-06-12 11:58:05,0,来自山东,乄奈呀,6160799171,女,11,0,最近刚看完一本小说:美丽不是原罪，人的欲望才是
4909917352494814,13,4911758470809262,2023-06-12 10:45:38,0,来自四川,Lanxiaoya_,7481095689,男,1,0,什么鬼 我们毕业全部是高跟鞋+礼服+学士服呀
4909917352494814,13,4911549518713751,2023-06-11 20:55:20,0,来自四川,无产阶级青年节,7837679027,男,13,0,谁知道博士服的典故？
4909917352494814,13,4911549334948017,2023-06-11 20:54:36,0,来自山西,卡佩兰诺1994,6071986869,女,147,27,穿衣自由！穿衣自由！穿衣自由！
4909917352494814,13,4911398151262355,2023-06-11 10:53:51,0,来自山东,EslebederWille,7487733454,男,7,0,有一说一，我觉得除了光脚外你穿潜水服的那个划水的去领奖都没问题
4909917352494814,13,4911334343050198,2023-06-11 06:40:18,1,来自广东,cminiapple,5092369555,男,53,0,要给爸爸们先验货
4909917352494814,13,4911254331982195,2023-06-11 01:22:21,0,来自山东,PSYDINUDMUXHKICNHMZHXPHLMC,2442590162,男,43,76,给我来100个
4909917352494814,14,4911165535422337,2023-06-10 19:29:31,0,来自意大利,罗马小吃街,7825814483,男,2,0,攻速鞋
4909917352494814,14,4911079967163550,2023-06-10 13:49:30,0,来自广西,啦啦啦的窝-1372,5905731628,男,12,3,有没有问题先不说，你觉得搭吗
4909917352494814,14,4911046533841562,2023-06-10 11:36:38,0,来自山东,老废物TV李半仙,7228196642,男,2,0,没问题，挺好看，我们来说说学士帽的事儿
4909917352494814,14,4910736091910496,2023-06-09 15:03:04,0,来自广东,无缘无故挨一拳,6237792644,男,1,0,好看爱看
4909917352494814,14,4910697719532081,2023-06-09 12:30:35,0,来自辽宁,骁龙小分队,7579220586,男,20,0,外国还有穿游戏cos服上去的，也没见你们说啥
4909917352494814,14,4910500137403824,2023-06-08 23:25:27,0,来自云南,芝马Seame,7776950234,女,5,0,是因为穿不起吗那些人
4909917352494814,14,4910429879404347,2023-06-08 18:46:16,0,来自广东,真的不想上班好想看小说啊,7723348706,女,7,0,这可是经典款，肯穿这么高的鞋子已经是莫大的尊重了键盘侠不懂瞎杠
4909917352494814,14,4910411092066871,2023-06-08 17:31:37,0,来自江苏,亚氪仙,6213488308,男,7,0,。。。虽然我知道这条微博是营销号拉流量，但是这双鞋瑞思拜拉满了呀，还要怎样嘛
4909917352494814,14,4910380315316557,2023-06-08 15:29:20,0,来自安徽,快乐洒脱的做个俗人,7834000697,男,3,3,键盘侠，键盘敲起来。
4909917352494814,14,4910365990977640,2023-06-08 14:32:24,0,来自江苏,山东东营任一蛋,6229411085,男,16,0,挺好的，没啥问题啊
4909917352494814,14,4910360883103672,2023-06-08 14:12:07,0,来自河北,溜流柳遛66637059,7337306928,男,27,0,谁吐槽了我看看，别搁这开空炮
4909917352494814,14,4910117327215115,2023-06-07 22:04:19,0,来自河北,smellorane,1135173962,女,63,11,我有朋友当年还穿了花盆底呢，规定之外皆自由，我们会觉得他很酷
4909917352494814,14,4910098926797484,2023-06-07 20:51:11,0,来自广东,Reeeeed1220,5148086017,女,26,16,闲的
4909917352494814,14,4912328153762210,2023-06-14 00:29:21,0,来自江西,与猪有关_,2795189450,女,214,148,刺痛矮男了
4909917352494814,14,4912082048254147,2023-06-13 08:11:24,0,来自河南,doki小耀-,7394653809,女,252,107,这个姐姐好美呜呜
4909917352494814,15,4911865258312487,2023-06-12 17:49:57,0,来自美国,佚名士,5311707619,男,148,36,博主就是上台装装逼
4909917352494814,15,4911857653257267,2023-06-12 17:19:45,0,来自甘肃,改什么名字好呢49467686,7491418644,男,29,0,干嘛喷，你们喷了我看什么
4909917352494814,15,4911818260875227,2023-06-12 14:43:13,0,来自四川,Y小Y羊X,6536797009,女,165,24,@兔T瓦S斯
4909917352494814,15,4911790838778434,2023-06-12 12:54:15,0,来自江苏,暴躁版小憋犊子,7845384762,男,10,0,谁说的截图出来啊
4909917352494814,15,4911744255790004,2023-06-12 09:49:09,0,来自湖北,x卟呤卟呤x,2419520233,女,191,86,咋不尊重了？毕业典礼穿上自己最漂亮的最喜欢的鞋子，还要怎么尊重啊
4909917352494814,15,4911389732245645,2023-06-11 10:20:24,0,来自安徽,依依不是姨姨,2806194994,女,331,306,没毛病啊，
4909917352494814,15,4911373936494576,2023-06-11 09:17:38,0,来自广西,BloodElfmage,6504686903,女,606,13,是因为颜色不懂尊重？粉紫：我惹你了？？？
4909917352494814,16,4911349476361386,2023-06-11 07:40:26,0,来自广东,TempleLauPHD1981,7752333115,男,37,1,风尘女子
4909917352494814,16,4911257729368838,2023-06-11 01:35:52,0,来自新疆,天空以外de蓝,6190316263,女,12,3,女儿国:男人有罪，长的丑罪加一等 网友:女人有罪，太漂亮罪加一等
4909917352494814,16,4911245465750491,2023-06-11 00:47:08,0,来自上海,阿宝吃的饭,2490735052,男,1363,242,嗯？有谁说他的鞋子了吗
4909917352494814,16,4911211093952560,2023-06-10 22:30:33,0,来自以色列,审美决定一个人,5617062703,男,61,0,人家穿啥关你屁事，一天天在家呆着不嫌热是不？
4909917352494814,16,4911206156475732,2023-06-10 22:10:56,0,来自广西,隅-离,7310040503,女,25,1,她好漂亮！
4909917352494814,16,4911182479622224,2023-06-10 20:36:50,0,来自河北,歪歪的孬孬妹妹,3674629121,女,535,104,徐愿石说，男人的自尊不需要女人脱掉高跟鞋来满足
4909917352494814,16,4911123784014764,2023-06-10 16:43:37,0,来自广东,xb口红,7371392352,男,41,52,被博主吐槽？gdx，不会发微博就闭嘴，拉仇恨？
4909917352494814,16,4911078544249256,2023-06-10 13:43:51,0,来自云南,小鲸鱼投资,6775666899,男,82,5,在庄严的地方穿的跟个鸡似的，这就是仙女们要的穿衣自由
4909917352494814,16,4911068314864546,2023-06-10 13:03:12,0,来自陕西,Captain_晨,7798375678,男,30,3,管的死宽
4909917352494814,16,4911034194201547,2023-06-10 10:47:37,0,来自陕西,人间烟火251,2653565171,女,58,519,
4909917352494814,16,4910886680267779,2023-06-10 01:01:27,0,来自北京,陌生网友200203,7745922196,男,16,0,咋了，这都被喷。认为高学历的人就应该朴素着装的是得多酸呐。
4909917352494814,17,4910876480769503,2023-06-10 00:20:55,0,来自江苏,西瓜啵啵要多冰_,7622016241,女,59,1,粉色领子是艺术生啊，对美丽有追求很正常，就应该在最美的年纪把美丽展现啊
4909917352494814,17,4910870046180709,2023-06-09 23:55:21,0,来自江苏,whitebet,7434209534,女,2,0,没什么吧，我们学校还允许穿。
4909917352494814,17,4910866921951326,2023-06-09 23:42:56,0,来自陕西,吾游青年youyou,7062304365,男,17,0,管的真宽啊你们这不尊重那不尊重的    你天天扶老奶奶过马路了吗你  一天天的屁事真多
4909917352494814,17,4910858926558583,2023-06-09 23:11:10,0,来自云南,蒙太奇般的Lead朵,6286915042,男,87,5,华伦天奴无罪，高跟鞋无罪，但华伦天奴更适合床上穿
4909917352494814,17,4910838324662214,2023-06-09 21:49:18,0,来自四川,奋进的叶同学_,5999046401,男,259,209,谁吐槽的?哪些人，多少人?怎么吐槽的?还是你编的?
4909917352494814,17,4910808033923187,2023-06-09 19:48:56,0,来自河南,开朗的湃大星,7790545395,男,0,0,连这个都喷，买不起你们酸了？？？
4909917352494814,17,4910774562063505,2023-06-09 17:35:56,0,来自四川,没见过戴墨镜的啊,7825008689,女,50,0,穿了他们买不起的鞋，肯定没尊重他们啊，应该踩着他们脸上台，那才够尊重呢
4909917352494814,18,4910768891628877,2023-06-09 17:13:24,0,来自四川,期待馨空,5684352274,女,189,45,不说别的 学士帽就佩戴不规范
